Workbook

Sheet 🎯 Active Leads
A1: PROPBOT — Lead Tracker | propbot.co.in
A2: ID | B2: Date Found | C2: Agent Name | D2: Phone / WhatsApp | E2: City | F2: Source | G2: Agent Type | H2: DM Sent? | I2: DM Date | J2: Response | K2: Status | L2: Trial Start | M2: Follow-Up Date | N2: Notes
A3: 1 | B3: 09/04/2026 | C3: Rahul Sharma | D3: +91 98765 43210 | E3: Mumbai | F3: 99acres | G3: Independent Broker | H3: Yes | I3: 09/04/2026 | J3: Interested | K3: Trial | L3: 10/04/2026 | M3: 14/04/2026 | N3: Wants demo call — follow up Thursday
A4: 2 | B4: 09/04/2026 | C4: Priya Mehta | D4: +91 87654 32109 | E4: Pune | F4: LinkedIn | G4: Small Brokerage | H4: Yes | I4: 09/04/2026 | J4: No reply | K4: DM Sent | M4: 12/04/2026 | N4: 2nd follow-up due
A5: 3 | B5: 09/04/2026 | C5: Vikram Nair | D5: +91 76543 21098 | E5: Bengaluru | F5: WhatsApp Group | G5: Independent Broker | H5: Yes | I5: 08/04/2026 | J5: Not interested | K5: Closed | N5: Said he uses 99acres CRM already
A6: 4 | B6: 09/04/2026 | C6: Anita Desai | D6: +91 65432 10987 | E6: Delhi | F6: MagicBricks | G6: Builder Sales Team | H6: No | K6: New | M6: 10/04/2026 | N6: Found from DLF listing — send W1 template
A7: 5 | B7: 09/04/2026 | C7: Suresh Kumar | D7: +91 54321 09876 | E7: Hyderabad | F7: Facebook Group | G7: Small Brokerage | H7: Yes | I7: 07/04/2026 | J7: Wants pricing | K7: Qualified | M7: 10/04/2026 | N7: Shared pricing page — check if signed up
A8: =IF(C8<>"",COUNTA($C$3:C8),"")
A9: =IF(C9<>"",COUNTA($C$3:C9),"")
A10: =IF(C10<>"",COUNTA($C$3:C10),"")
A11: =IF(C11<>"",COUNTA($C$3:C11),"")
A12: =IF(C12<>"",COUNTA($C$3:C12),"")
A13: =IF(C13<>"",COUNTA($C$3:C13),"")
A14: =IF(C14<>"",COUNTA($C$3:C14),"")
A15: =IF(C15<>"",COUNTA($C$3:C15),"")
A16: =IF(C16<>"",COUNTA($C$3:C16),"")
A17: =IF(C17<>"",COUNTA($C$3:C17),"")
A18: =IF(C18<>"",COUNTA($C$3:C18),"")
A19: =IF(C19<>"",COUNTA($C$3:C19),"")
... A107: =IF(C107<>"",COUNTA($C$3:C107),"")

Sheet 📊 Dashboard
A1: PROPBOT — Outreach Dashboard
A2: Last updated: 09 Apr 2026
B4: Total Agents Found | C4: DMs Sent | D4: Replies Received | E4: Active Trials | F4: Paid Subscribers | G4: Not Interested
B5: ='🎯 Active Leads'!A107 | C5: =COUNTIF('🎯 Active Leads'!H3:H107,"Yes") -> 4 | D5: =COUNTIF('🎯 Active Leads'!J3:J107,"<>")-COUNTIF('🎯 Active Leads'!J3:J107,"") -> -97 | E5: =COUNTIF('🎯 Active Leads'!K3:K107,"Trial") -> 1 | F5: =COUNTIF('🎯 Active Leads'!K3:K107,"Paid") -> 0 | G5: =COUNTIF('🎯 Active Leads'!K3:K107,"Not interested") -> 0
B7: Conversion Rates
B8: Metric | C8: Formula | D8: Value | E8: Target | F8: Status
B9: Reply Rate | C9: Replies / DMs Sent | D9: =IF(C5>0,D9/C5,0) | E9: 5% | F9: =IF(E9>=0.05,"On Track ✔","Below Target ⚠") -> On Track ✔
B10: Trial Conv. Rate | C10: Trials / Replies | D10: =IF(D9>0,E9/D9,0) | E10: 30% | F10: =IF(F9>=0.3,"On Track ✔","Below Target ⚠") -> On Track ✔
B11: Paid Conv. Rate | C11: Paid / Trials | D11: =IF(E9>0,F9/E9,0) -> #VALUE! | E11: 15% | F11: =IF(G9>=0.15,"On Track ✔","Below Target ⚠") -> Below Target ⚠
B12: Overall Conversion | C12: Paid / DMs Sent | D12: =IF(C5>0,F9/C5,0) -> #VALUE! | E12: 1% | F12: =IF(H9>=0.01,"On Track ✔","Below Target ⚠") -> Below Target ⚠
B14: Leads by Source
B15: Source | C15: Count | D15: % of Total
B16: 99acres | C16: =COUNTIF('🎯 Active Leads'!F3:F107,"99acres") -> 1 | D16: =IF(C5>0,C16/C5,0) -> 0.25
B17: MagicBricks | C17: =COUNTIF('🎯 Active Leads'!F3:F107,"MagicBricks") -> 1 | D17: =IF(C5>0,C17/C5,0) -> 0.25
B18: LinkedIn | C18: =COUNTIF('🎯 Active Leads'!F3:F107,"LinkedIn") -> 1 | D18: =IF(C5>0,C18/C5,0) -> 0.25
B19: WhatsApp Group | C19: =COUNTIF('🎯 Active Leads'!F3:F107,"WhatsApp Group") -> 1 | D19: =IF(C5>0,C19/C5,0) -> 0.25
B20: Facebook Group | C20: =COUNTIF('🎯 Active Leads'!F3:F107,"Facebook Group") -> 1 | D20: =IF(C5>0,C20/C5,0) -> 0.25
B21: Referral | C21: =COUNTIF('🎯 Active Leads'!F3:F107,"Referral") -> 0 | D21: =IF(C5>0,C21/C5,0) -> 0
B22: Other | C22: =COUNTIF('🎯 Active Leads'!F3:F107,"Other") -> 0 | D22: =IF(C5>0,C22/C5,0) -> 0

Sheet 💬 WhatsApp Groups
A1: PROPBOT — WhatsApp & Telegram Groups Tracker
A2: Group Name | B2: Platform | C2: Members (est.) | D2: Joined? | E2: Last Posted | F2: Responses | G2: Notes
A3: Mumbai Real Estate Brokers | B3: WhatsApp | C3: ~250 | D3: No | F3: 0 | G3: Find invite via CREDAI Mumbai chapter
A4: Delhi NCR Property Network | B4: WhatsApp | C4: ~180 | D4: No | F4: 0 | G4: Google: 'Delhi broker WhatsApp group invite 2025'
A5: Bangalore Brokers Network | B5: WhatsApp | C5: ~200 | D5: No | F5: 0 | G5: Try NAR India Karnataka chapter
A6: Real Estate Agents India | B6: Facebook | C6: 100K+ | D6: No | F6: 0 | G6: Promo posts allowed on Fridays
A7: PropTech India | B7: Telegram | C7: ~2K | D7: No | F7: 0 | G7: Search Telegram: PropTech India
A8: Pune Property Professionals | B8: WhatsApp | C8: ~150 | D8: No | F8: 0 | G8: Contact CREDAI Pune for invite

Sheet 📅 LinkedIn Schedule
A1: PROPBOT — LinkedIn 4-Week Posting Schedule
A2: Week | B2: Day | C2: Date | D2: Post Title | E2: Format | F2: Status
A3: Week 1 | B3: Mon | C3: 13 Apr | D3: Founder Story: Why I Built PropBot | E3: Text + CTA | F3: Pending
A4: Week 1 | B4: Wed | C4: 15 Apr | D4: The Missed Call Problem in Real Estate | E4: Text post | F4: Pending
A5: Week 1 | B5: Fri | C5: 17 Apr | D5: DEMO: PropBot calling a lead at 11:47 PM | E5: Video post | F5: Pending
A6: Week 2 | B6: Mon | C6: 20 Apr | D6: The Math: AI vs Telecaller (₹999 vs ₹18K) | E6: Text post | F6: Pending
A7: Week 2 | B7: Wed | C7: 22 Apr | D7: First Users Milestone + testimonial | E7: Screenshot + Text | F7: Pending
A8: Week 2 | B8: Fri | C8: 24 Apr | D8: Objection Buster: “Will clients know it’s AI?” | E8: Text post | F8: Pending
A9: Week 3 | B9: Mon | C9: 27 Apr | D9: Case Study: Broker closed 2 extra deals | E9: Text + Photo | F9: Pending
A10: Week 3 | B10: Wed | C10: 29 Apr | D10: Feature: Hindi + English voice support | E10: Audio clip post | F10: Pending
A11: Week 3 | B11: Fri | C11: 01 May | D11: Comparison: DIY vs Telecaller vs PropBot | E11: Carousel (5 slides) | F11: Pending
A12: Week 4 | B12: Mon | C12: 04 May | D12: 30-day Milestone: X subscribers, X trials | E12: Text + Stats graphic | F12: Pending
A13: Week 4 | B13: Wed | C13: 06 May | D13: FAQ: Top 5 questions about PropBot | E13: Text post | F13: Pending
A14: Week 4 | B14: Fri | C14: 08 May | D14: Referral Programme Launch | E14: Text + CTA | F14: Pending
A16: TIP: Change Status to 'Published' (green) or 'Skip' (grey) as you go. Review every Monday morning.
